{
    "$schema": "https://schema.management.azure.com/schemas/2015-01-01/deploymentParameters.json#",
    "contentVersion": "1.0.0.0",
    "parameters": {
        "accounts_iotdla201cf88e_defaultDataLakeStoreAccount": {
            "value": null
        },
        "accounts_iotdla201cf88e_dataLakeStoreAccounts": {
            "value": null
        },
        "sites_iot_func_201CF88E_name": {
            "value": null
        },
        "serverfarms_JapanWestPlan_name": {
            "value": null
        },
        "IotHubs_iot_hub_201CF88E_name": {
            "value": null
        },
        "accounts_iotdls201cf88e_name": {
            "value": null
        },
        "components_IoTCapstoneInsights_name": {
            "value": null
        },
        "accounts_iotdla201cf88e_name": {
            "value": null
        },
        "storageAccounts_iotcapstonecoldstorage_name": {
            "value": null
        },
        "storageAccounts_iotcapstonewarmstorage_name": {
            "value": null
        },
        "streamingjobs_iot_asa_201CF88E_name": {
            "value": null
        },
        "alertrules_Failure_Anomalies___IoTCapstoneInsights_name": {
            "value": null
        }
    }
}